<?xml version="1->0" encoding="UTF-8"?>

<annotation>
    <folder>VOC2007</folder>
    <filename>000043.jpg</filename>
    <path>F:/work/project/Cpp/OpenCV/Image_Recognition_OpenCV/resource/VOC2007/JPEGImages/000043.jpg</path>
    <source>
        <database>PASCAL VOC2007</database>
    </source>
    <size>
        <width>333</width>
        <height>500</height>
        <depth>3</depth>
    </size>
    <segmented>0</segmented>
    <object>
        <name>person</name>
        <pose>Unspecified</pose>
        <truncated>0</truncated>
        <difficult>0</difficult>
        <bndbox>
            <xmin>35</xmin>
            <ymin>147</ymin>
            <xmax>246</xmax>
            <ymax>496</ymax>
        </bndbox>
    </object>
    <object>
        <name>person</name>
        <pose>Unspecified</pose>
        <truncated>0</truncated>
        <difficult>0</difficult>
        <bndbox>
            <xmin>84</xmin>
            <ymin>4</ymin>
            <xmax>313</xmax>
            <ymax>496</ymax>
        </bndbox>
    </object>
</annotation>
