<?xml version="1->0" encoding="UTF-8"?>

<annotation>
    <folder>VOC2007</folder>
    <filename>000058.jpg</filename>
    <path>F:/work/project/Cpp/OpenCV/Image_Recognition_OpenCV/resource/VOC2007/JPEGImages/000058.jpg</path>
    <source>
        <database>PASCAL VOC2007</database>
    </source>
    <size>
        <width>500</width>
        <height>375</height>
        <depth>3</depth>
    </size>
    <segmented>0</segmented>
    <object>
        <name>person</name>
        <pose>Unspecified</pose>
        <truncated>0</truncated>
        <difficult>0</difficult>
        <bndbox>
            <xmin>218</xmin>
            <ymin>83</ymin>
            <xmax>287</xmax>
            <ymax>327</ymax>
        </bndbox>
    </object>
    <object>
        <name>person</name>
        <pose>Unspecified</pose>
        <truncated>0</truncated>
        <difficult>0</difficult>
        <bndbox>
            <xmin>274</xmin>
            <ymin>54</ymin>
            <xmax>332</xmax>
            <ymax>271</ymax>
        </bndbox>
    </object>
    <object>
        <name>person</name>
        <pose>Unspecified</pose>
        <truncated>0</truncated>
        <difficult>0</difficult>
        <bndbox>
            <xmin>326</xmin>
            <ymin>3</ymin>
            <xmax>435</xmax>
            <ymax>374</ymax>
        </bndbox>
    </object>
</annotation>
