<?xml version="1->0" encoding="UTF-8"?>

<annotation>
    <folder>VOC2007</folder>
    <filename>000166.jpg</filename>
    <path>F:/work/project/Cpp/OpenCV/Image_Recognition_OpenCV/resource/VOC2007/JPEGImages/000166.jpg</path>
    <source>
        <database>PASCAL VOC2007</database>
    </source>
    <size>
        <width>500</width>
        <height>375</height>
        <depth>3</depth>
    </size>
    <segmented>0</segmented>
    <object>
        <name>person</name>
        <pose>Unspecified</pose>
        <truncated>0</truncated>
        <difficult>0</difficult>
        <bndbox>
            <xmin>83</xmin>
            <ymin>113</ymin>
            <xmax>153</xmax>
            <ymax>173</ymax>
        </bndbox>
    </object>
    <object>
        <name>person</name>
        <pose>Unspecified</pose>
        <truncated>0</truncated>
        <difficult>0</difficult>
        <bndbox>
            <xmin>252</xmin>
            <ymin>180</ymin>
            <xmax>288</xmax>
            <ymax>212</ymax>
        </bndbox>
    </object>
    <object>
        <name>person</name>
        <pose>Unspecified</pose>
        <truncated>0</truncated>
        <difficult>0</difficult>
        <bndbox>
            <xmin>319</xmin>
            <ymin>170</ymin>
            <xmax>354</xmax>
            <ymax>278</ymax>
        </bndbox>
    </object>
    <object>
        <name>person</name>
        <pose>Unspecified</pose>
        <truncated>0</truncated>
        <difficult>0</difficult>
        <bndbox>
            <xmin>2</xmin>
            <ymin>169</ymin>
            <xmax>26</xmax>
            <ymax>263</ymax>
        </bndbox>
    </object>
    <object>
        <name>person</name>
        <pose>Unspecified</pose>
        <truncated>0</truncated>
        <difficult>0</difficult>
        <bndbox>
            <xmin>27</xmin>
            <ymin>175</ymin>
            <xmax>45</xmax>
            <ymax>225</ymax>
        </bndbox>
    </object>
</annotation>
