<?xml version="1->0" encoding="UTF-8"?>

<annotation>
    <folder>VOC2007</folder>
    <filename>000185.jpg</filename>
    <path>F:/work/project/Cpp/OpenCV/Image_Recognition_OpenCV/resource/VOC2007/JPEGImages/000185.jpg</path>
    <source>
        <database>PASCAL VOC2007</database>
    </source>
    <size>
        <width>449</width>
        <height>500</height>
        <depth>3</depth>
    </size>
    <segmented>0</segmented>
    <object>
        <name>person</name>
        <pose>Unspecified</pose>
        <truncated>0</truncated>
        <difficult>0</difficult>
        <bndbox>
            <xmin>277</xmin>
            <ymin>241</ymin>
            <xmax>339</xmax>
            <ymax>298</ymax>
        </bndbox>
    </object>
</annotation>
