<?xml version="1->0" encoding="UTF-8"?>

<annotation>
    <folder>VOC2007</folder>
    <filename>000105.jpg</filename>
    <path>F:/work/project/Cpp/OpenCV/Image_Recognition_OpenCV/resource/VOC2007/JPEGImages/000105.jpg</path>
    <source>
        <database>PASCAL VOC2007</database>
    </source>
    <size>
        <width>500</width>
        <height>333</height>
        <depth>3</depth>
    </size>
    <segmented>0</segmented>
    <object>
        <name>person</name>
        <pose>Unspecified</pose>
        <truncated>0</truncated>
        <difficult>0</difficult>
        <bndbox>
            <xmin>220</xmin>
            <ymin>72</ymin>
            <xmax>271</xmax>
            <ymax>115</ymax>
        </bndbox>
    </object>
    <object>
        <name>person</name>
        <pose>Unspecified</pose>
        <truncated>0</truncated>
        <difficult>0</difficult>
        <bndbox>
            <xmin>191</xmin>
            <ymin>106</ymin>
            <xmax>215</xmax>
            <ymax>144</ymax>
        </bndbox>
    </object>
</annotation>
